{
	"Onboarding": {
		"Schema": "sapmobilesvcs",
		"TimeZone": "UTC",
		"URL": "sapmobilesvcs://?AppId=COM.SAP.ROCHE.SAM2305.SK&ClientId=61fde897-5234-44ea-9b09-d274a3555353&ServerUrl=https://roche-eu10-test-s-asset-manager-asset-manager-com-sap--nejxrhp2.cfapps.eu10.hana.ondemand.com&SapCloudPlatformEndpoint=https://roche-eu10-test-s-asset-manager-asset-manager-com-sap--nejxrhp2.cfapps.eu10.hana.ondemand.com&AuthorizationEndpointUrl=https://roche-eu10-test-s-asset-manager-asset-manager-com-sap--nejxrhp2.cfapps.eu10.hana.ondemand.com/oauth2/api/v1/authorize&RedirectUrl=https://roche-eu10-test-s-asset-manager-asset-manager-com-sap--nejxrhp2.cfapps.eu10.hana.ondemand.com&TokenUrl=https://roche-eu10-test-s-asset-manager-asset-manager-com-sap--nejxrhp2.cfapps.eu10.hana.ondemand.com/oauth2/api/v1/token&multiUser=true"
	},
	"CF": {
		"Target": "https://api.cf.eu10.hana.ondemand.com",
		"Organization": "0120179f-9eb8-4c90-ac61-11a0f0666a03",
		"Space": "7f296e6b-6ea6-4af7-a823-15bfa0ec2cbc"
	},
	"MobileService": {
		"Type": "standard",
		"AdminAPI": "https://mobile-service-cockpit-api.cfapps.eu10.hana.ondemand.com/cockpit/v1/org/0120179f-9eb8-4c90-ac61-11a0f0666a03/space/7f296e6b-6ea6-4af7-a823-15bfa0ec2cbc",
		"AppId": "COM.SAP.ROCHE.SAM2305.SK",
		"Destination": [
			"DEST_SAM2305_PPROP",
			"DEST_SAM2305_ONLINE_PPROP"
		]
	},
	"Build": {
		"SourceMap": true,
		"TSTarget": "es6",
		"WMF": true
	}
}